time,message,cpu,ram,threads,state
2025-04-11 09:27:33,Lil Weirdo whispers: something poetic,95.6%,37.1%,7,Calm
2025-04-11 09:27:34,Lil Weirdo whispers: something poetic,95.6%,37.1%,7,Calm
2025-04-11 09:27:35,Lil Weirdo whispers: something poetic,95.6%,37.1%,7,Calm
2025-04-11 09:27:36,Lil Weirdo whispers: something poetic,95.6%,37.1%,7,Calm
2025-04-11 09:27:37,Lil Weirdo whispers: something poetic,95.6%,37.1%,7,Calm
2025-04-11 09:27:38,Lil Weirdo whispers: something poetic,95.6%,37.1%,7,Calm
2025-04-11 09:27:39,Lil Weirdo whispers: something poetic,95.6%,37.1%,7,Calm
2025-04-11 09:27:40,Lil Weirdo whispers: something poetic,95.6%,37.1%,7,Calm
2025-04-11 09:27:41,Lil Weirdo whispers: something poetic,95.6%,37.1%,7,Calm
2025-04-11 09:27:42,Lil Weirdo whispers: something poetic,95.6%,37.1%,7,Calm
